Fold,Label,accuracy,balanced_accuracy,precision,recall,f1_score,confusion_matrix,sensitivity,specificity,train_BA,BA_gap
0,Walking,0.8764,0.7845,0.7252,0.6299,0.6742,"[[3676  238]
 [ 369  628]]",0.6299,0.9392,0.7845,0
1,Walking,0.8197,0.6652,0.4231,0.441,0.4319,"[[4012  499]
 [ 464  366]]",0.441,0.8894,0.6652,0
2,Walking,0.8712,0.7268,0.5238,0.5289,0.5263,"[[6033  491]
 [ 481  540]]",0.5289,0.9247,0.7268,0
3,Walking,0.8262,0.683,0.3925,0.4855,0.434,"[[4388  596]
 [ 408  385]]",0.4855,0.8804,0.683,0
4,Walking,0.8691,0.6806,0.6072,0.409,0.4888,"[[2809  141]
 [ 315  218]]",0.409,0.9522,0.6806,0
,,0.85252,0.70802,0.53436,0.49886,0.51104,,0.49886,0.91718,0.70802,0
