Fold,Label,accuracy,balanced_accuracy,precision,recall,f1_score,confusion_matrix,sensitivity,specificity,train_BA,BA_gap
0,Walking,0.9519,0.8282,0.5165,0.6906,0.591,"[[3302  117]
 [  56  125]]",0.6906,0.9658,0.8282,0
1,Walking,0.9202,0.73,0.2078,0.5267,0.2981,"[[3679  263]
 [  62   69]]",0.5267,0.9333,0.73,0
2,Walking,0.8928,0.7731,0.1351,0.6475,0.2236,"[[5116  576]
 [  49   90]]",0.6475,0.8988,0.7731,0
3,Walking,0.8536,0.8233,0.1241,0.7913,0.2146,"[[3792  642]
 [  24   91]]",0.7913,0.8552,0.8233,0
4,Walking,0.935,0.8821,0.2087,0.8269,0.3333,"[[2432  163]
 [   9   43]]",0.8269,0.9372,0.8821,0
,,0.9107,0.80734,0.23844,0.6966,0.33212,,0.6966,0.91806,0.80734,0
